file_path,test_name,Final Classification,quantum_test
qiskit-algorithms/test/test_grover.py,test_sampler_setter,Classical,No
qiskit-algorithms/test/test_validation.py,test_validate_in_set,Classical,No
qiskit-algorithms/test/test_validation.py,test_validate_min,Classical,No
qiskit-algorithms/test/test_validation.py,test_validate_max,Classical,No
qiskit-algorithms/test/test_validation.py,test_validate_range,Classical,No
qiskit-algorithms/test/gradients/test_estimator_gradient.py,test_gradient_random_parameters,Classical,No
qiskit-algorithms/test/gradients/test_estimator_gradient.py,test_options,Classical,No
qiskit-algorithms/test/gradients/test_qgt.py,test_qgt_validation,Classical,No
qiskit-algorithms/test/gradients/test_qgt.py,test_options,Classical,No
qiskit-algorithms/test/gradients/test_sampler_gradient.py,test_gradient_parameters,Classical,No
qiskit-algorithms/test/gradients/test_sampler_gradient.py,test_gradient_multi_arguments,Classical,No
qiskit-algorithms/test/optimizers/test_optimizers.py,test_adam,Classical,No
qiskit-algorithms/test/optimizers/test_optimizers.py,test_cg,Classical,No
qiskit-algorithms/test/optimizers/test_optimizers.py,test_gradient_descent,Classical,No
qiskit-algorithms/test/optimizers/test_optimizers.py,test_cobyla,Classical,No
qiskit-algorithms/test/optimizers/test_optimizers.py,test_l_bfgs_b,Classical,No
qiskit-algorithms/test/optimizers/test_optimizers.py,test_p_bfgs,Classical,No
qiskit-algorithms/test/optimizers/test_optimizers.py,test_nelder_mead,Classical,No
qiskit-algorithms/test/optimizers/test_optimizers.py,test_powell,Classical,No
qiskit-algorithms/test/optimizers/test_optimizers.py,test_slsqp,Classical,No
qiskit-algorithms/test/optimizers/test_optimizers.py,test_spsa,Classical,No
qiskit-algorithms/test/optimizers/test_optimizers.py,test_tnc,Classical,No
qiskit-algorithms/test/optimizers/test_optimizers.py,test_gsls,Classical,No
qiskit-algorithms/test/optimizers/test_optimizers.py,test_scipy_optimizer,Classical,No
qiskit-algorithms/test/optimizers/test_optimizers.py,test_scipy_optimizer_callback,Classical,No
qiskit-algorithms/test/optimizers/test_optimizers.py,test_scipy_optimizer_parse_bounds,Classical,No
qiskit-algorithms/test/optimizers/test_optimizers.py,test_nlopt,Classical,No
qiskit-algorithms/test/optimizers/test_optimizers.py,test_scipy,Classical,No
qiskit-algorithms/test/optimizers/test_optimizers.py,test_independent_reconstruction,Classical,No
qiskit-algorithms/test/optimizers/test_optimizers.py,test_adam,Classical,No
qiskit-algorithms/test/optimizers/test_optimizers.py,test_aqgd,Classical,No
qiskit-algorithms/test/optimizers/test_optimizers.py,test_bobyqa,Classical,No
qiskit-algorithms/test/optimizers/test_optimizers.py,test_imfil,Classical,No
qiskit-algorithms/test/optimizers/test_optimizers.py,test_gradient_descent,Classical,No
qiskit-algorithms/test/optimizers/test_optimizers.py,test_gsls,Classical,No
qiskit-algorithms/test/optimizers/test_optimizers.py,test_spsa,Classical,No
qiskit-algorithms/test/optimizers/test_optimizers.py,test_spsa_custom_iterators,Classical,No
qiskit-algorithms/test/optimizers/test_spsa.py,test_recalibrate_at_optimize,Classical,No
qiskit-algorithms/test/optimizers/test_spsa.py,test_learning_rate_perturbation_as_iterators,Classical,No
qiskit-algorithms/test/optimizers/test_spsa.py,test_learning_rate_perturbation_as_arrays,Classical,No
qiskit-algorithms/test/optimizers/test_spsa.py,test_termination_checker,Classical,No
qiskit-algorithms/test/optimizers/test_spsa.py,test_callback,Classical,No
qiskit-algorithms/test/optimizers/test_spsa.py,test_estimate_stddev,Classical,No
qiskit-algorithms/test/optimizers/test_spsa.py,test_point_sample,Classical,No
qiskit-algorithms/test/optimizers/test_optimizer_aqgd.py,test_list,Classical,No
qiskit-algorithms/test/optimizers/test_optimizer_aqgd.py,test_raises_exception,Classical,No
qiskit-algorithms/test/optimizers/test_optimizer_aqgd.py,test_max_grouped_evals_non_parallelizable,Classical,No
qiskit-algorithms/test/optimizers/test_adam.py,test_adam_max_evals,Classical,No
qiskit-algorithms/test/optimizers/test_gradient_descent.py,test_callback,Classical,No
qiskit-algorithms/test/optimizers/test_gradient_descent.py,test_minimize,Classical,No
qiskit-algorithms/test/optimizers/test_gradient_descent.py,test_no_start,Classical,No
qiskit-algorithms/test/optimizers/test_gradient_descent.py,test_start,Classical,No
qiskit-algorithms/test/optimizers/test_gradient_descent.py,test_ask,Classical,No
qiskit-algorithms/test/optimizers/test_gradient_descent.py,test_evaluate,Classical,No
qiskit-algorithms/test/optimizers/test_gradient_descent.py,test_tell,Classical,No
qiskit-algorithms/test/optimizers/test_gradient_descent.py,test_continue_condition,Classical,No
qiskit-algorithms/test/optimizers/test_gradient_descent.py,test_step,Classical,No
qiskit-algorithms/test/optimizers/test_gradient_descent.py,test_wrong_dimension_gradient,Classical,No
qiskit-algorithms/test/optimizers/test_umda.py,test_get_set,Classical,No
qiskit-algorithms/test/optimizers/test_umda.py,test_settings,Classical,No
qiskit-algorithms/test/optimizers/test_umda.py,test_minimize,Classical,No
qiskit-algorithms/test/optimizers/test_umda.py,test_callback,Classical,No
qiskit-algorithms/test/optimizers/test_optimizers_scikitquant.py,test_bobyqa,Classical,No
qiskit-algorithms/test/optimizers/test_optimizers_scikitquant.py,test_snobfit,Classical,No
qiskit-algorithms/test/optimizers/test_optimizers_scikitquant.py,test_snobfit_missing_bounds,Classical,No
qiskit-algorithms/test/optimizers/test_optimizers_scikitquant.py,test_imfil,Classical,No
qiskit-algorithms/test/optimizers/utils/test_learning_rate.py,test_learning_rate,Classical,No
qiskit-algorithms/test/minimum_eigensolvers/test_adapt_vqe.py,test_cyclicity,Classical,No
qiskit-algorithms/test/minimum_eigensolvers/test_numpy_minimum_eigensolver.py,test_cme_reuse,Classical,No
qiskit-algorithms/test/minimum_eigensolvers/test_numpy_minimum_eigensolver.py,test_aux_operators_list,Classical,No
qiskit-algorithms/test/minimum_eigensolvers/test_numpy_minimum_eigensolver.py,test_aux_operators_dict,Classical,No
qiskit-algorithms/test/time_evolvers/test_pvqd.py,test_gradient_supported,Classical,No
qiskit-algorithms/test/time_evolvers/test_time_evolution_problem.py,test_init_default,Classical,No
qiskit-algorithms/test/time_evolvers/variational/test_var_qte.py,test_create_init_state_param_dict,Classical,No
qiskit-algorithms/test/time_evolvers/variational/test_var_qte.py,test_create_init_state_param_dict_errors_list,Classical,No
qiskit-algorithms/test/time_evolvers/variational/test_var_qte.py,test_create_init_state_param_dict_errors_subset,Classical,No
qiskit-algorithms/test/time_evolvers/variational/test_var_qte.py,test_create_init_state_param_dict_errors_value,Classical,No
qiskit-algorithms/test/time_evolvers/variational/variational_principles/imaginary/test_imaginary_mc_lachlan_principle.py,test_gradient_setting,Classical,No
qiskit-algorithms/test/time_evolvers/variational/variational_principles/real/test_real_mc_lachlan_principle.py,test_gradient_setting,Classical,No
qiskit-algorithms/test/time_evolvers/variational/solvers/ode/test_var_qte_ode_solver.py,test_run_no_backend,Classical,No
qiskit-algorithms/test/time_evolvers/variational/solvers/ode/test_forward_euler_solver.py,test_solve,Classical,No
qiskit-algorithms/test/time_evolvers/classical_methods/test_scipy_imaginary_evolver.py,test_evolve,Classical,No
qiskit-algorithms/test/time_evolvers/classical_methods/test_scipy_imaginary_evolver.py,test_no_time_steps,Classical,No
qiskit-algorithms/test/time_evolvers/classical_methods/test_scipy_real_evolver.py,test_no_time_steps,Classical,No
qiskit-algorithms/test/utils/test_validate_initial_point.py,test_with_no_initial_point_or_bounds,Classical,No
qiskit-algorithms/test/utils/test_validate_initial_point.py,test_with_no_initial_point,Classical,No
qiskit-algorithms/test/utils/test_validate_initial_point.py,test_with_mismatched_params,Classical,No
qiskit-algorithms/test/utils/test_validate_bounds.py,test_with_no_ansatz_bounds,Classical,No
qiskit-algorithms/test/utils/test_validate_bounds.py,test_with_ansatz_bounds,Classical,No
qiskit-algorithms/test/utils/test_validate_bounds.py,test_with_mismatched_num_params,Classical,No
qiskit-algorithms/test/state_fidelities/test_compute_uncompute.py,test_1param_pair_local,Classical,No
qiskit-algorithms/test/state_fidelities/test_compute_uncompute.py,test_4param_pairs,Classical,No
qiskit-algorithms/test/state_fidelities/test_compute_uncompute.py,test_symmetry,Classical,No
qiskit-algorithms/test/state_fidelities/test_compute_uncompute.py,test_not_set_circuits,Classical,No
qiskit-algorithms/test/state_fidelities/test_compute_uncompute.py,test_circuit_mismatch,Classical,No
qiskit-algorithms/test/state_fidelities/test_compute_uncompute.py,test_asymmetric_params,Classical,No
qiskit-algorithms/test/state_fidelities/test_compute_uncompute.py,test_input_format,Classical,No
qiskit-algorithms/test/state_fidelities/test_compute_uncompute.py,test_options,Classical,No
qiskit-algorithms/test/test_grover.py,test_groverop_getter,Classical,No
qiskit-algorithms/test/test_grover.py,test_is_good_state,Classical,No
qiskit-algorithms/test/test_grover.py,test_implicit_phase_oracle_is_good_state,Black-box Testing,Yes
qiskit-algorithms/test/test_grover.py,test_iterations_with_good_state,Black-box Testing,Yes
qiskit-algorithms/test/test_grover.py,test_iterations_with_good_state_sample_from_iterations,Black-box Testing,Yes
qiskit-algorithms/test/test_grover.py,test_fixed_iterations_without_good_state,Black-box Testing,Yes
qiskit-algorithms/test/test_grover.py,test_iterations_without_good_state,Classical,No
qiskit-algorithms/test/test_grover.py,test_iterator,Gray-box Testing,Yes
qiskit-algorithms/test/test_grover.py,test_growth_rate,Gray-box Testing,Yes
qiskit-algorithms/test/test_grover.py,test_max_num_iterations,Gray-box Testing,Yes
qiskit-algorithms/test/test_grover.py,test_max_power,Gray-box Testing,Yes
qiskit-algorithms/test/test_grover.py,test_run_circuit_oracle,Black-box Testing,Yes
qiskit-algorithms/test/test_grover.py,test_run_state_vector_oracle,Black-box Testing,Yes
qiskit-algorithms/test/test_grover.py,test_run_custom_grover_operator,Black-box Testing,Yes
qiskit-algorithms/test/test_grover.py,test_optimal_num_iterations,Classical,No
qiskit-algorithms/test/test_grover.py,test_construct_circuit,Classical,No
qiskit-algorithms/test/test_grover.py,test_circuit_result,Black-box Testing,Yes
qiskit-algorithms/test/test_grover.py,test_max_probability,Black-box Testing,Yes
qiskit-algorithms/test/test_grover.py,test_oracle_evaluation,Black-box Testing,Yes
qiskit-algorithms/test/test_phase_estimator.py,test_pauli_sum_1_sampler,Black-box Testing,Yes
qiskit-algorithms/test/test_phase_estimator.py,test_pauli_sum_2_sampler,Black-box Testing,Yes
qiskit-algorithms/test/test_phase_estimator.py,test_single_pauli_op_sampler,Black-box Testing,Yes
qiskit-algorithms/test/test_phase_estimator.py,test_H2_hamiltonian_sampler,Black-box Testing,Yes
qiskit-algorithms/test/test_phase_estimator.py,test_matrix_evolution_sampler,Black-box Testing,Yes
qiskit-algorithms/test/test_phase_estimator.py,test_qpe_Z_sampler,Black-box Testing,Yes
qiskit-algorithms/test/test_phase_estimator.py,test_qpe_X_plus_minus_sampler,Black-box Testing,Yes
qiskit-algorithms/test/test_phase_estimator.py,test_qpe_RZ_sampler,Black-box Testing,Yes
qiskit-algorithms/test/test_phase_estimator.py,test_qpe_two_qubit_unitary,Black-box Testing,Yes
qiskit-algorithms/test/test_phase_estimator.py,test_check_num_iterations_sampler,Classical,No
qiskit-algorithms/test/test_phase_estimator.py,test_phase_estimation_scale_from_operator,Classical,No
qiskit-algorithms/test/test_phase_estimator.py,test_qpe_Zplus_sampler,Black-box Testing,Yes
qiskit-algorithms/test/test_amplitude_estimators.py,test_sampler,Black-box Testing,Yes
qiskit-algorithms/test/test_amplitude_estimators.py,test_sampler_with_shots,Black-box Testing,Yes
qiskit-algorithms/test/test_amplitude_estimators.py,test_qae_circuit,Classical,No
qiskit-algorithms/test/test_amplitude_estimators.py,test_iqae_circuits,Classical,No
qiskit-algorithms/test/test_amplitude_estimators.py,test_mlae_circuits,Classical,No
qiskit-algorithms/test/test_amplitude_estimators.py,test_sampler,Black-box Testing,Yes
qiskit-algorithms/test/test_amplitude_estimators.py,test_sampler_with_shots,Black-box Testing,Yes
qiskit-algorithms/test/test_amplitude_estimators.py,test_confidence_intervals,Black-box Testing,Yes
qiskit-algorithms/test/test_amplitude_estimators.py,test_iqae_confidence_intervals,Black-box Testing,Yes
qiskit-algorithms/test/test_amplitude_estimators.py,test_warns_if_good_state_set,Classical,No
qiskit-algorithms/test/test_amplitude_estimators.py,test_rescaling,Classical,No
qiskit-algorithms/test/test_amplitude_estimators.py,test_sampler_run_without_rescaling,Black-box Testing,Yes
qiskit-algorithms/test/test_amplitude_estimators.py,test_rescaling_with_custom_grover_raises,Classical,No
qiskit-algorithms/test/test_amplitude_estimators.py,test_good_state,Black-box Testing,Yes
qiskit-algorithms/test/gradients/test_estimator_gradient.py,test_gradient_operators,Black-box Testing,Yes
qiskit-algorithms/test/gradients/test_estimator_gradient.py,test_single_circuit_observable,Black-box Testing,Yes
qiskit-algorithms/test/gradients/test_estimator_gradient.py,test_gradient_p,Black-box Testing,Yes
qiskit-algorithms/test/gradients/test_estimator_gradient.py,test_gradient_u,Black-box Testing,Yes
qiskit-algorithms/test/gradients/test_estimator_gradient.py,test_gradient_efficient_su2,Black-box Testing,Yes
qiskit-algorithms/test/gradients/test_estimator_gradient.py,test_gradient_2qubit_gate,Black-box Testing,Yes
qiskit-algorithms/test/gradients/test_estimator_gradient.py,test_gradient_parameter_coefficient,Black-box Testing,Yes
qiskit-algorithms/test/gradients/test_estimator_gradient.py,test_gradient_parameters,Black-box Testing,Yes
qiskit-algorithms/test/gradients/test_estimator_gradient.py,test_gradient_multi_arguments,Gray-box Testing,Yes
qiskit-algorithms/test/gradients/test_estimator_gradient.py,test_gradient_validation,Classical,No
qiskit-algorithms/test/gradients/test_estimator_gradient.py,test_spsa_gradient,Black-box Testing,Yes
qiskit-algorithms/test/gradients/test_estimator_gradient.py,test_complex_gradient,Black-box Testing,Yes
qiskit-algorithms/test/gradients/test_estimator_gradient.py,test_operations_preserved,Gray-box Testing,Yes
qiskit-algorithms/test/gradients/test_estimator_gradient.py,test_product_rule_check,Classical,No
qiskit-algorithms/test/gradients/test_qgt.py,test_qgt_derivative_type,Black-box Testing,Yes
qiskit-algorithms/test/gradients/test_qgt.py,test_qgt_phase_fix,Black-box Testing,Yes
qiskit-algorithms/test/gradients/test_qgt.py,test_qgt_coefficients,Gray-box Testing,Yes
qiskit-algorithms/test/gradients/test_qgt.py,test_qgt_parameters,Gray-box Testing,Yes
qiskit-algorithms/test/gradients/test_qgt.py,test_qgt_multi_arguments,Black-box Testing,Yes
qiskit-algorithms/test/gradients/test_qgt.py,test_operations_preserved,Gray-box Testing,Yes
qiskit-algorithms/test/gradients/test_sampler_gradient.py,test_single_circuit,Black-box Testing,Yes
qiskit-algorithms/test/gradients/test_sampler_gradient.py,test_gradient_p,Black-box Testing,Yes
qiskit-algorithms/test/gradients/test_sampler_gradient.py,test_gradient_u,Black-box Testing,Yes
qiskit-algorithms/test/gradients/test_sampler_gradient.py,test_gradient_efficient_su2,Black-box Testing,Yes
qiskit-algorithms/test/gradients/test_sampler_gradient.py,test_gradient_2qubit_gate,Gray-box Testing,Yes
qiskit-algorithms/test/gradients/test_sampler_gradient.py,test_gradient_parameter_coefficient,Gray-box Testing,Yes
qiskit-algorithms/test/gradients/test_sampler_gradient.py,test_gradient_validation,Classical,No
qiskit-algorithms/test/gradients/test_sampler_gradient.py,test_spsa_gradient,Gray-box Testing,Yes
qiskit-algorithms/test/gradients/test_sampler_gradient.py,test_gradient_random_parameters,Gray-box Testing,Yes
qiskit-algorithms/test/gradients/test_sampler_gradient.py,test_options,Gray-box Testing,Yes
qiskit-algorithms/test/gradients/test_sampler_gradient.py,test_operations_preserved,Gray-box Testing,Yes
qiskit-algorithms/test/gradients/test_qfi.py,test_qfi,Black-box Testing,Yes
qiskit-algorithms/test/gradients/test_qfi.py,test_qfi_phase_fix,Black-box Testing,Yes
qiskit-algorithms/test/gradients/test_qfi.py,test_qfi_maxcut,Gray-box Testing,Yes
qiskit-algorithms/test/gradients/test_qfi.py,test_options,Classical,No
qiskit-algorithms/test/optimizers/test_optimizer_nft.py,test_nft,Classical,No
qiskit-algorithms/test/optimizers/test_optimizers.py,test_qnspsa,Classical,No
qiskit-algorithms/test/optimizers/test_spsa.py,test_pauli_two_design,Classical,No
qiskit-algorithms/test/optimizers/test_spsa.py,test_qnspsa_fidelity_primitives,Classical,No
qiskit-algorithms/test/optimizers/test_spsa.py,test_qnspsa_max_evals_grouped,Classical,No
qiskit-algorithms/test/optimizers/test_optimizer_aqgd.py,test_simple,Classical,No
qiskit-algorithms/test/optimizers/test_optimizer_aqgd.py,test_int_values,Classical,No
qiskit-algorithms/test/optimizers/test_optimizer_aqgd.py,test_max_grouped_evals_parallelizable,Classical,No
qiskit-algorithms/test/optimizers/test_gradient_descent.py,test_pauli_two_design,Classical,No
qiskit-algorithms/test/minimum_eigensolvers/test_sampling_vqe.py,test_exact_sampler,Black-box Testing,Yes
qiskit-algorithms/test/minimum_eigensolvers/test_sampling_vqe.py,test_invalid_initial_point,Classical,No
qiskit-algorithms/test/minimum_eigensolvers/test_sampling_vqe.py,test_ansatz_resize,Gray-box Testing,Yes
qiskit-algorithms/test/minimum_eigensolvers/test_sampling_vqe.py,test_invalid_ansatz_size,Classical,No
qiskit-algorithms/test/minimum_eigensolvers/test_sampling_vqe.py,test_missing_varform_params,Classical,No
qiskit-algorithms/test/minimum_eigensolvers/test_sampling_vqe.py,test_batch_evaluate_slsqp,Black-box Testing,Yes
qiskit-algorithms/test/minimum_eigensolvers/test_sampling_vqe.py,test_batch_evaluate_with_qnspsa,Gray-box Testing,Yes
qiskit-algorithms/test/minimum_eigensolvers/test_sampling_vqe.py,test_optimizer_scipy_callable,Classical,No
qiskit-algorithms/test/minimum_eigensolvers/test_sampling_vqe.py,test_optimizer_callable,Classical,No
qiskit-algorithms/test/minimum_eigensolvers/test_sampling_vqe.py,test_auxops,Gray-box Testing,Yes
qiskit-algorithms/test/minimum_eigensolvers/test_sampling_vqe.py,test_nondiag_observable_raises,Classical,No
qiskit-algorithms/test/minimum_eigensolvers/test_sampling_vqe.py,test_callback,Gray-box Testing,Yes
qiskit-algorithms/test/minimum_eigensolvers/test_sampling_vqe.py,test_aggregation,Gray-box Testing,Yes
qiskit-algorithms/test/minimum_eigensolvers/test_adapt_vqe.py,test_default,Black-box Testing,Yes
qiskit-algorithms/test/minimum_eigensolvers/test_adapt_vqe.py,test_with_quantum_info,Black-box Testing,Yes
qiskit-algorithms/test/minimum_eigensolvers/test_adapt_vqe.py,test_converged,Gray-box Testing,Yes
qiskit-algorithms/test/minimum_eigensolvers/test_adapt_vqe.py,test_maximum,Gray-box Testing,Yes
qiskit-algorithms/test/minimum_eigensolvers/test_adapt_vqe.py,test_eigenvalue_threshold,Gray-box Testing,Yes
qiskit-algorithms/test/minimum_eigensolvers/test_adapt_vqe.py,test_vqe_solver,Gray-box Testing,Yes
qiskit-algorithms/test/minimum_eigensolvers/test_adapt_vqe.py,test_gradient_calculation,Gray-box Testing,Yes
qiskit-algorithms/test/minimum_eigensolvers/test_adapt_vqe.py,test_supports_aux_operators,Gray-box Testing,Yes
qiskit-algorithms/test/minimum_eigensolvers/test_qaoa.py,test_qaoa,Black-box Testing,Yes
qiskit-algorithms/test/minimum_eigensolvers/test_qaoa.py,test_qaoa_qc_mixer,Gray-box Testing,Yes
qiskit-algorithms/test/minimum_eigensolvers/test_qaoa.py,test_qaoa_qc_mixer_many_parameters,Gray-box Testing,Yes
qiskit-algorithms/test/minimum_eigensolvers/test_qaoa.py,test_qaoa_qc_mixer_no_parameters,Gray-box Testing,Yes
qiskit-algorithms/test/minimum_eigensolvers/test_qaoa.py,test_change_operator_size,Gray-box Testing,Yes
qiskit-algorithms/test/minimum_eigensolvers/test_qaoa.py,test_qaoa_initial_point,Gray-box Testing,Yes
qiskit-algorithms/test/minimum_eigensolvers/test_qaoa.py,test_qaoa_random_initial_point,Gray-box Testing,Yes
qiskit-algorithms/test/minimum_eigensolvers/test_qaoa.py,test_optimizer_scipy_callable,Gray-box Testing,Yes
qiskit-algorithms/test/minimum_eigensolvers/test_vqe.py,test_using_ref_estimator,Gray-box Testing,Yes
qiskit-algorithms/test/minimum_eigensolvers/test_vqe.py,test_invalid_initial_point,Classical,No
qiskit-algorithms/test/minimum_eigensolvers/test_vqe.py,test_ansatz_resize,Gray-box Testing,Yes
qiskit-algorithms/test/minimum_eigensolvers/test_vqe.py,test_invalid_ansatz_size,Classical,No
qiskit-algorithms/test/minimum_eigensolvers/test_vqe.py,test_missing_ansatz_params,Classical,No
qiskit-algorithms/test/minimum_eigensolvers/test_vqe.py,test_max_evals_grouped,Gray-box Testing,Yes
qiskit-algorithms/test/minimum_eigensolvers/test_vqe.py,test_with_gradient,Black-box Testing,Yes
qiskit-algorithms/test/minimum_eigensolvers/test_vqe.py,test_gradient_passed,Gray-box Testing,Yes
qiskit-algorithms/test/minimum_eigensolvers/test_vqe.py,test_gradient_run,Gray-box Testing,Yes
qiskit-algorithms/test/minimum_eigensolvers/test_vqe.py,test_callback,Gray-box Testing,Yes
qiskit-algorithms/test/minimum_eigensolvers/test_vqe.py,test_reuse,Gray-box Testing,Yes
qiskit-algorithms/test/minimum_eigensolvers/test_vqe.py,test_vqe_optimizer_reuse,Gray-box Testing,Yes
qiskit-algorithms/test/minimum_eigensolvers/test_vqe.py,test_default_batch_evaluation_on_spsa,Gray-box Testing,Yes
qiskit-algorithms/test/minimum_eigensolvers/test_vqe.py,test_batch_evaluate_with_qnspsa,Gray-box Testing,Yes
qiskit-algorithms/test/minimum_eigensolvers/test_vqe.py,test_optimizer_scipy_callable,Gray-box Testing,Yes
qiskit-algorithms/test/minimum_eigensolvers/test_vqe.py,test_optimizer_callable,Gray-box Testing,Yes
qiskit-algorithms/test/minimum_eigensolvers/test_vqe.py,test_aux_operators_list,Gray-box Testing,Yes
qiskit-algorithms/test/minimum_eigensolvers/test_vqe.py,test_aux_operators_dict,Gray-box Testing,Yes
qiskit-algorithms/test/minimum_eigensolvers/test_numpy_minimum_eigensolver.py,test_cme,Classical,No
qiskit-algorithms/test/minimum_eigensolvers/test_numpy_minimum_eigensolver.py,test_cme_filter,Classical,No
qiskit-algorithms/test/minimum_eigensolvers/test_numpy_minimum_eigensolver.py,test_cme_filter_empty,Classical,No
qiskit-algorithms/test/minimum_eigensolvers/test_numpy_minimum_eigensolver.py,test_cme_1q,Classical,No
qiskit-algorithms/test/minimum_eigensolvers/test_numpy_minimum_eigensolver.py,test_cme_aux_ops_dict,Classical,No
qiskit-algorithms/test/time_evolvers/test_time_evolution_result.py,test_init_state,Classical,No
qiskit-algorithms/test/time_evolvers/test_time_evolution_result.py,test_init_observable,Classical,No
qiskit-algorithms/test/time_evolvers/test_pvqd.py,test_pvqd,Black-box Testing,Yes
qiskit-algorithms/test/time_evolvers/test_pvqd.py,test_step,Gray-box Testing,Yes
qiskit-algorithms/test/time_evolvers/test_pvqd.py,test_get_loss,Gray-box Testing,Yes
qiskit-algorithms/test/time_evolvers/test_pvqd.py,test_invalid_num_timestep,Classical,No
qiskit-algorithms/test/time_evolvers/test_pvqd.py,test_initial_guess_and_observables,Gray-box Testing,Yes
qiskit-algorithms/test/time_evolvers/test_pvqd.py,test_zero_parameters,Classical,No
qiskit-algorithms/test/time_evolvers/test_pvqd.py,test_initial_state_raises,Classical,No
qiskit-algorithms/test/time_evolvers/test_pvqd.py,test_aux_ops_raises,Classical,No
qiskit-algorithms/test/time_evolvers/test_trotter_qrte.py,test_trotter_qrte_trotter_single_qubit,Gray-box Testing,Yes
qiskit-algorithms/test/time_evolvers/test_trotter_qrte.py,test_trotter_qrte_trotter,Gray-box Testing,Yes
qiskit-algorithms/test/time_evolvers/test_trotter_qrte.py,test_trotter_qrte_trotter_two_qubits,Gray-box Testing,Yes
qiskit-algorithms/test/time_evolvers/test_trotter_qrte.py,test_trotter_qrte_qdrift,Gray-box Testing,Yes
qiskit-algorithms/test/time_evolvers/test_trotter_qrte.py,test_trotter_qrte_trotter_param_errors,Classical,No
qiskit-algorithms/test/time_evolvers/test_trotter_qrte.py,test_trotter_qrte_trotter_aux_ops_errors,Classical,No
qiskit-algorithms/test/time_evolvers/test_trotter_qrte.py,test_trotter_qrte_trotter_hamiltonian_errors,Classical,No
qiskit-algorithms/test/time_evolvers/test_trotter_qrte.py,test_barriers,Gray-box Testing,Yes
qiskit-algorithms/test/time_evolvers/test_time_evolution_problem.py,test_init_all,Classical,No
qiskit-algorithms/test/time_evolvers/variational/test_var_qte.py,test_create_init_state_param_dict_errors_type,Classical,No
qiskit-algorithms/test/time_evolvers/variational/test_var_qite.py,test_run_d_1_with_aux_ops,Gray-box Testing,Yes
qiskit-algorithms/test/time_evolvers/variational/test_var_qite.py,test_run_d_1_t_7,Gray-box Testing,Yes
qiskit-algorithms/test/time_evolvers/variational/test_var_qite.py,test_run_d_2,Gray-box Testing,Yes
qiskit-algorithms/test/time_evolvers/variational/test_var_qite.py,test_run_d_1_time_dependent,Gray-box Testing,Yes
qiskit-algorithms/test/time_evolvers/variational/test_var_qrte.py,test_time_dependent_hamiltonian,Gray-box Testing,Yes
qiskit-algorithms/test/time_evolvers/variational/test_var_qrte.py,test_run_d_1_with_aux_ops,Gray-box Testing,Yes
qiskit-algorithms/test/time_evolvers/variational/test_var_qrte.py,test_run_d_2,Gray-box Testing,Yes
qiskit-algorithms/test/time_evolvers/variational/test_var_qrte.py,test_run_d_1_time_dependent,Gray-box Testing,Yes
qiskit-algorithms/test/time_evolvers/variational/variational_principles/imaginary/test_imaginary_mc_lachlan_principle.py,test_calc_metric_tensor,Gray-box Testing,Yes
qiskit-algorithms/test/time_evolvers/variational/variational_principles/imaginary/test_imaginary_mc_lachlan_principle.py,test_calc_calc_evolution_gradient,Gray-box Testing,Yes
qiskit-algorithms/test/time_evolvers/variational/variational_principles/real/test_real_mc_lachlan_principle.py,test_calc_calc_metric_tensor,Gray-box Testing,Yes
qiskit-algorithms/test/time_evolvers/variational/variational_principles/real/test_real_mc_lachlan_principle.py,test_calc_evolution_gradient,Gray-box Testing,Yes
qiskit-algorithms/test/time_evolvers/variational/solvers/test_varqte_linear_solver.py,test_solve_lse,Black-box Testing,Yes
qiskit-algorithms/test/time_evolvers/variational/solvers/ode/test_ode_function.py,test_var_qte_ode_function,Black-box Testing,Yes
qiskit-algorithms/test/time_evolvers/variational/solvers/ode/test_ode_function.py,test_var_qte_ode_function_time_param,Gray-box Testing,Yes
qiskit-algorithms/test/time_evolvers/classical_methods/test_scipy_imaginary_evolver.py,test_observables,Classical,No
qiskit-algorithms/test/time_evolvers/classical_methods/test_scipy_imaginary_evolver.py,test_quantum_circuit_initial_state,Classical,No
qiskit-algorithms/test/time_evolvers/classical_methods/test_scipy_imaginary_evolver.py,test_paulisumop_hamiltonian,Classical,No
qiskit-algorithms/test/time_evolvers/classical_methods/test_scipy_imaginary_evolver.py,test_error_time_dependency,Classical,No
qiskit-algorithms/test/time_evolvers/classical_methods/test_scipy_real_evolver.py,test_evolve,Classical,No
qiskit-algorithms/test/time_evolvers/classical_methods/test_scipy_real_evolver.py,test_observables,Classical,No
qiskit-algorithms/test/time_evolvers/classical_methods/test_scipy_real_evolver.py,test_quantum_circuit_initial_state,Classical,No
qiskit-algorithms/test/time_evolvers/classical_methods/test_scipy_real_evolver.py,test_error_time_dependency,Classical,No
qiskit-algorithms/test/state_fidelities/test_compute_uncompute.py,test_1param_pair,Black-box Testing,Yes
qiskit-algorithms/test/state_fidelities/test_compute_uncompute.py,test_local,Black-box Testing,Yes
qiskit-algorithms/test/state_fidelities/test_compute_uncompute.py,test_no_params,Black-box Testing,Yes
qiskit-algorithms/test/state_fidelities/test_compute_uncompute.py,test_left_param,Black-box Testing,Yes
qiskit-algorithms/test/state_fidelities/test_compute_uncompute.py,test_right_param,Black-box Testing,Yes
qiskit-algorithms/test/state_fidelities/test_compute_uncompute.py,test_input_measurements,Gray-box Testing,Yes
qiskit-algorithms/test/eigensolvers/test_vqd.py,test_basic_operator,Black-box Testing,Yes
qiskit-algorithms/test/eigensolvers/test_vqd.py,test_full_spectrum,Black-box Testing,Yes
qiskit-algorithms/test/eigensolvers/test_vqd.py,test_beta_autoeval,Gray-box Testing,Yes
qiskit-algorithms/test/eigensolvers/test_vqd.py,test_mismatching_num_qubits,Classical,No
qiskit-algorithms/test/eigensolvers/test_vqd.py,test_missing_varform_params,Classical,No
qiskit-algorithms/test/eigensolvers/test_vqd.py,test_callback,Gray-box Testing,Yes
qiskit-algorithms/test/eigensolvers/test_vqd.py,test_vqd_optimizer,Gray-box Testing,Yes
qiskit-algorithms/test/eigensolvers/test_vqd.py,test_optimizer_list,Gray-box Testing,Yes
qiskit-algorithms/test/eigensolvers/test_vqd.py,test_aux_operators_list,Gray-box Testing,Yes
qiskit-algorithms/test/eigensolvers/test_vqd.py,test_aux_operators_dict,Gray-box Testing,Yes
qiskit-algorithms/test/eigensolvers/test_vqd.py,test_aux_operator_std_dev,Gray-box Testing,Yes
qiskit-algorithms/test/eigensolvers/test_numpy_eigensolver.py,test_ce,Classical,No
qiskit-algorithms/test/eigensolvers/test_numpy_eigensolver.py,test_ce_k4,Classical,No
qiskit-algorithms/test/eigensolvers/test_numpy_eigensolver.py,test_ce_k4_filtered,Classical,No
qiskit-algorithms/test/eigensolvers/test_numpy_eigensolver.py,test_ce_k4_filtered_empty,Classical,No
qiskit-algorithms/test/eigensolvers/test_numpy_eigensolver.py,test_ce_k1_1q,Classical,No
qiskit-algorithms/test/eigensolvers/test_numpy_eigensolver.py,test_ce_k2_1q,Classical,No
qiskit-algorithms/test/eigensolvers/test_numpy_eigensolver.py,test_aux_operators_list,Classical,No
qiskit-algorithms/test/eigensolvers/test_numpy_eigensolver.py,test_aux_operators_dict,Classical,No
qiskit-algorithms/test/eigensolvers/test_numpy_eigensolver.py,test_pauli_op,Classical,No
qiskit-algorithms/test/eigensolvers/test_numpy_eigensolver.py,test_scalar_op,Classical,No